nocall,noname
wa7zwg,bob
kc9ad,chris
ag7gn,steve
wb7fhc,budd
k1xtl,TL
ae7ro,scott
kf7vol,andy
kg7gcf,gayland
kf7vop,robert
ae7rm,joe
n7bel,b'ham arc
n6nm,bill
kj1u,kelly
ke7joe,tom
kf7aet,tom
ki7kur,kevin
wa6mpg,wayne
n6mn,bill
kg7zoc,frank
w7wdm,dave
wa7chf,tom
kg7arg,sid
ki7msw,sammy
w7fpd,ferndale acs
ki7prk,chknutfr acs
wa7sv,sudden v. acs
k7rgk,ryan
kc0so,bob
ke7cpp,talus
kg7gcf1,gayland
kd4swf,cathy
ki7uin,bryce
kg7gcf3,gayland
kg7pwq,jason
ki7rpz,britt
ki7kup,bill
w7ecg,wecg
kf7drv,keith
n6gfo,matt
wa6dh,dave
wa7fus,peter
w7ecg,wecg ncs
n7bel,red cross
wa2tnd,andy
w7bpd,blaine acs
n6gf0,matt
ke7qpl,doug
k7bpd,blaine ncs
va7rei,deid
k7sjh,st. joe
wc7hq,wuecc
wd0hhu,dave
WD0HHU,matt
ae7uq,jim
wb7fhc,budd
kd7ztz,kerry
KB7DNG,kim
kb7dng,kim
kg7hq,michael
kn0n,brian
wa7vmc,wcvmc
wc7dl,dave
k17xtl,TerryLee
wa7vmc,matt
ki7hfw,tim
ki7uin,bryce
kg7gcf3,gayland-truck
af5tr,peter
ac7sc,jim
kg7myx,mike
KI7CPE,arc anacortes
ki7cpe,arc anacortes
ki7gra,josh
wb1uxx,lea
kb1uxx,lea
wa7la,lenny
k1xtl,terrylee
w7fpd1,ferndale acs1
kd6v,terrylee
kg7gcf7,gayland
wb7fhc2,budd test
kc7sda,art
kb7dng1,kim
kb7dngl,kim
w7jim,wecg church rd
ng2g,mark
VA7DGP,don
va7dgp,don
wb7fhc7,experimental
w7wdm1,dave's KW
kg7gcf9,gayland-digilink
w7bfd,B'ham Fire Dpt
ae7ua,deb
ww7arc,Anacortes ARC
w7krh,ken
wa7djs,doug
kc7jb,james
va7shg,james
VE7LE,ted
VE7NV,tak liu
ag7gn4,steve
ag7gn2,steve
ki7uin1,bryce gKit
w7wdm2,dave goKit
kp2x,jim
k7mnf,mick
ki7pma,dan
n0one,unknown setup
ke7bll,bacs gKit
k9qjs,hoop
kg7gcf4l,gayland
kg7gcf5l,gayland
kg7gcf5r,gayland
ki7msw,john
wb7fhc,budd
kd0mni,tim
n7mn,bill
ke7bll,blaine gKit
w7wdm2,dave gKit
ks7y,raye
wb6f,michele
kj7hzd,mark
n7bel2,testing
ve7tgz,jim
wb7fhc3,testing
kp2y,becky
kg7pr,pt. roberts
n7bts,bryce
n7wfk,richard
n5jrn,david
kg7gcf2,gayland
va7tnd,suzanne
w7jim,red van
w7wwu,western
ki7kus,michael
kc7jb,jim
kb7tec,BTC
kf7wmn,annmarie
kg6akv,dean
kb1uxx,lea
ac7sv,jim
ki7ocy,yoli
kf7inb,ted
n7bwx,john
ki7kus,mike
n7wfk,rick
n7wfk,rich
AE7LW,andy
ae7lw,andy
ki7kur1,kevin
n7wfk,richard
kg6bmq,mary lou
ki7kur/m,kevin's van
w7rxs,test
ki7kur9,kevin's van
k7lrk,clark
va7tgz,jim
kg7gtc,rob
WA7MJL,martin
wa7mjl,martin
wa7mjl,marty
WA7ZWG,bob
ki7iiv,leslie
W7KKC,dave
w7kkc,dave
W7BFD,B'ham Fire
w7dxt,mark
n0one,new station
n7kwd,dale
kc7onx,ron
KC7ONX,ron
kf7afe,joyce
wb7rkj,jo
KE7NEJ,john
WC7HQ,whatcom co.
KI7MSW,john
n8gnj,steve
n8gnj,steve
w7wdm3,mac
kj7hsm,mike
nocallkb7dng,kim
kj7ioc,john
KJ7IOC,john
NM7A,larry
nm7a,larry
ac7ml,mary lou
n7ntn,larry
n7ntn,david
n7ebb,randy
w7mdh,mike
w7ecg2,wecg test
N7NTN,david
kk7bki,merideth
w7wdm,mac
va7eet,patrick
VA7TQB,tom
va7tqb,tom
